{
  "name": "Aladdin (bootleg of Japanese Megadrive version)",
  "arcade": "1",
  "js_filename": "mamemegadriv_acbl.js.gz",
  "bios_filenames": [
    ""
  ],
  "peripherals": [
    ""
  ],
  "native_resolution": [
    256,
    224 
  ],
  "extra_args=": [
    ""
  ],
  "driver": "megadriv_acbl",
  "wasmjs_filename": "mamemegadriv_acbl_wasm.js.gz",
  "wasm_filename": "mamemegadriv_acbl_wasm.wasm.gz",
  "file_locations": {
    "mamemegadriv_acbl_wasm.wasm": "mamemegadriv_acbl_wasm.wasm.gz"
  }
}

