{
  "name": "California Speed (Version 2.1a Apr 17 1998 GUTS 1.25 Apr 17 1998 - MAIN Apr 17 1998)",
  "arcade": "1",
  "js_filename": "mameseattle.js.gz",
  "bios_filenames": [
    ""
  ],
  "peripherals": [
    ""
  ],
  "native_resolution": [
    640,
    480 
  ],
  "extra_args=": [
    ""
  ],
  "driver": "seattle",
  "wasmjs_filename": "mameseattle_wasm.js.gz",
  "wasm_filename": "mameseattle_wasm.wasm.gz",
  "file_locations": {
    "mameseattle_wasm.wasm": "mameseattle_wasm.wasm.gz"
  }
}

