{
  "name": "Fatal Fury 3 - Road to the Final Victory - Garou Densetsu 3 - Haruka-naru Tatakai (NGM-069 ~ NGH-069)",
  "arcade": "1",
  "js_filename": "mameneogeo.js.gz",
  "bios_filenames": [
    ""
  ],
  "peripherals": [
    ""
  ],
  "native_resolution": [
    320,
    224 
  ],
  "extra_args=": [
    ""
  ],
  "driver": "neogeo",
  "wasmjs_filename": "mameneogeo_wasm.js.gz",
  "wasm_filename": "mameneogeo_wasm.wasm.gz",
  "file_locations": {
    "mameneogeo_wasm.wasm": "mameneogeo_wasm.wasm.gz"
  }
}

